{
    "n_layers": 0.3440336330678016,
    "num_timesteps": 0.18202234191029942,
    "lr": 0.12477191395038446,
    "d_first": 0.0964258748605845,
    "num_samples": 0.08720277619942907,
    "batch_size": 0.07638613598766492,
    "d_last": 0.04632933131853974,
    "steps": 0.04282799270529649
}
